,place_id,name,address,rating,contact_number,coordinates_lat,coordinates_lng
0,ChIJa9fULv60UjcRSZ5sm5oKabk,Fire Service and Civil Defence Station. Rangamati,"J5XM+PW7, N 106, Rangamati 4500, Bangladesh",4.5,01901-021637,22.6492784,92.18479839999999
1,ChIJVfqCU6LfrDARRgohFwBbYYk,Fire Station of Padma Oil Company Limited,"7R96+227, Chittagong, Bangladesh",2,03125-01096,22.26753,91.8100438
2,ChIJBeejIu_erDARhqmaY47rNnw,CEPZ Fire Station,"7QVJ+4F6, CEPZ Entry Rd, Chittagong 4223, Bangladesh",4.6,01958-237575,22.29278679999999,91.7811473
3,ChIJS7bBf0xJrTARElQUGrSY0Dk,"Fire Service and Civil Defence Station, Kaptai","F6RC+HCM, Kaptai, Bangladesh",5,01730-002463,22.4914722,92.2210327
5,ChIJv82AlzMjrTARdFCjRFd2A0w,Fire Service and Civil Defence,"7XRP+62G, Patiya, Bangladesh",4.3,01730-002430,22.2905728,91.98508749999999
6,ChIJXZJh7cUlrTAReVImIL2rfGM,"Boalkhali Fire Service Station, Chittagong","9WMF+39W, Thana Rd, Boalkhali, Bangladesh",4,01901-021597,22.382740599999998,91.9234493
8,ChIJDUZSxLAnrTARG78jO2Eh2K8,Kalurghat Modern Fire Service & Civil Defence Station,"Ward No 4, C&B More, BFIDC Rd, 9VQ6+3V4, Chandgaon Thana, Kalurghat, Chittagong, Bangladesh",4.6,01730-002423,22.3877292,91.8627472
9,ChIJW6eSqPMrrTAREFEHuCa3zs0,Raozan Fire Station,"GWM3+H7C, Chittagong - Rangamati Hwy, Raozan, Bangladesh",3.7,01901-021583,22.5339438,91.90313460000002
10,ChIJZSKqPewXrTAR9nkIOzMG0xw,Chandanaish Fire Station,"6242+WHQ, Bangladesh",5,01968-889965,22.207343,92.0014767
11,ChIJkwAJgRjNUjcRu1tjpGY0QbE,Fire Station Kawkhali,"J2MV+G78, Kawkhali, Bangladesh",4,01863-616419,22.6337852,92.04319749999999
13,ChIJu4Ig4kcnrTARB_bPZvokaZo,ফায়ার সার্ভিস ও সিভিল ডিফেন্স,"8VP2+55C, Chittagong, Bangladesh",3.8,01730-002419,22.3354466,91.8503752
14,ChIJ8_ZQAWcnrTARzSjJgxliHQM,"Fire Service and Civil Defence Station, Chandanpura.","8RXQ+XG5, নবাব সিরাজুদ্দৌল্লা সড়ক, Chittagong, Bangladesh",4.5,01730-002413,22.34988419999999,91.83884540000001
15,ChIJgw20tVknrTARxmp3zdLhXLE,Fire Service and Civil Defence Station Nandankanon,"8RPM+RQQ, Chittagong 4000, Bangladesh",4.8,01730-002412,22.3370861,91.8344922
16,ChIJ__8voyBqrTARWMguBrlXVFQ,Office of Assistant Director of Fire Service and Civil Defense Bandarban.,"56VF+C7W, Forest Colony, Bandarban, Bangladesh",N/A,01550-601761,22.1947607,92.2230902
17,ChIJKS-JkzIfrTARTxgUB2Ytm9M,ফায়ার সার্ভিস ও সিভিল ডিফেন্স স্টেশন আনোয়ারা চট্রগ্রাম,"6WF2+WCR, Anwara, Bangladesh",4,01901-021593,22.2248667,91.9010066
18,ChIJe9i4glcfrTARQ3nwTrqgMjU,Anowara Fire Station,"6WF2+WCC, Anowara Chandanaish Road(আনোয়ারা - চন্দনাইশ রোড)), Anowara, Bangladesh",4.2,01842-956222,22.2248068,91.9010109
19,ChIJDUB4y0HYrDARubFfr1gNP1c,Chittagong Fire Service & Civil Defence,"9RR6+QG9, Bayazid Bostami Rd, Chittagong, Bangladesh",4.3,01730-002417,22.3919217,91.81135049999999
40,ChIJ50Fi9rfYrDARlPX1TTIBlwI,"Bangladesh Fire Service and Civil Defense, Agrabad, Chittagong.","8RP7+44R Dewan Haat, Sheikh Mujib Rd, Chittagong, Bangladesh",4.4,01730-002408,22.3353526,91.8127598
41,ChIJ0z8dvXLWrDARQcZeREkjTuA,Hathazari Fire Service and Civil Defence,"GR36+8F8, Kacari Road, Hathazari, Bangladesh",4.1,01730-002427,22.5032955,91.8112079
42,ChIJX-GecCXfrDAR91_jLiGp64Y,Bandar Fire Service and Civil Defance Station,"8R52+JPJ, Port Internal Rd, Chittagong, Bangladesh",4,03125-20339,22.3133714,91.8012636
46,ChIJC9nDCK_frDARNPSRr-UnyPA,Fire Service and Civil Defence,"7R92+283, Chittagong, Bangladesh",N/A,01719-678720,22.2675108,91.80081129999999
47,ChIJQeVDLFzZrDAR25TKWEM-WNo,Karnaphuli EPZ Fire Station,"Karnaphuli EPZ Fire Service & Civil Defense Station, Chittagong 4204, Bangladesh",3,01901-021553,22.2765578,91.7874195
48,ChIJSeHWB9sTrTAReOHsAqfFp_U,Satkania Fire Service & Civil Defence Station,"33XF+4JM রাস্তার মাথা, Satkania-Banchkhali Rd, Satkania, Bangladesh",4.7,01901-021603,22.097827,92.07403649999999
50,ChIJi05-1STSrDARYdJIhy4tn_E,Kumira Fire Service Station,"GPG3+W4X, Dhaka - Chittagong Hwy, Kumira, Bangladesh",4.7,01558-456200,22.5273565,91.70287049999999
51,ChIJoekNCtQrUzcRRZwlWsW05Jw,Fatikchhari Fire Service & Civil Defence Station,"MQXQ+PHP, Chittagong - Khagrachhari Rd, chittagong, Bangladesh",4.4,01772-241510,22.6993491,91.7889422
53,ChIJsXOr94XXUjcRnyOgqW4ER_k,Lakshmichhari Fire Station,"QVWP+33C, Bangladesh",N/A,01572-337370,22.7951878,91.88513449999999
54,ChIJO1PFEAEFrTARLBVURWkVY0g,"Banskhali Fire Service, Daroga Bazar","XXR2+WW4, Bangladesh",3.8,01901-021595,21.9922501,91.9523152
55,ChIJUZjvEE3NrDARN_Es3KfP-F8,Fire Service and Civil Defense,"JM58+446, N1, Sitakund, Bangladesh",4.4,01730-002428,22.6077885,91.6652695
56,ChIJHybcmfoPrTAR4OKu-4DLMOo,Lohagara Fire Service and Civil Defence Station,"X397+GQ6, Chunati, Bangladesh",4.8,01901-021605,21.9687003,92.0643491
57,ChIJqcBXB6w2VDcRIp0JIrxZu5g,Madhabdi Fire Station,"VM2J+HPG, Narsingdi - Araihazar Hwy, Madhabdi 1604, Bangladesh",4.1,01726-688868,23.8514348,90.68182619999999
58,ChIJXU98hHdGVDcRXHxQN7a1R9I,Homna Fire Station,"MQ9J+FF2, Gouripur Road, Homna 3546, Bangladesh",4.6,01766-306868,23.6686273,90.7811401
59,ChIJnQE1ayDvVTcRz4PdcYPtqJE,Dhamrai Fire Station,"W644+VQ4, Dhaka - Aricha Hwy, Dhamrai 1350, Bangladesh",4.4,01742-302850,23.9071322,90.206956
60,ChIJ-19xtpPAVTcRV_IZdGbQhoc,Kallyanpur Fire Service & Civil Defence Station,"1216, মাজার রোড, ঢাকা, Bangladesh",4.3,01813-573418,23.7822427,90.34935399999999
61,ChIJZdKSh7PrVTcRy8PUbXjWf8E,Fire Service & Civil Defence Station - Savar,"R7H5+9JP, Dhaka - Aricha Hwy, Savar 1340, Bangladesh",4.5,01730-002250,23.828471,90.259092
62,ChIJcQcPR7CPVTcRQgkdjzUpPHw,"Fire Service and Civil Defense Station, Dohar","J46F+639, R820, Bangladesh",4.8,01726-845949,23.6105284,90.1227207
63,ChIJKTZZDkwwVDcR22UYYykYBfE,Fire Service & Civil Defense Station,"WPC9+JPW, Raipur Highway, Narsingdi 1600, Bangladesh",4.4,01901-020902,23.9216219,90.7193252
64,ChIJ4YSUc9j8VTcRr016HIGTvSE,Fire Service & Civil Defense,"34WQ+968, N4, Bangladesh",5,01901-020980,24.095911,90.13808979999999
65,ChIJcVWmWJW5VTcRColioQlsISc,Postogola Fire Service Station,"MCRJ+H64, M C Rd, Dhaka, Bangladesh",4.3,01730-002216,23.691375999999998,90.4305626
66,ChIJReVo8Pe2VTcRNc-niJa6X6c,Demra Fire Station,"Demra-Narayanganj Rd, Sarulia, Near Rani Mahal Cinema Hall, PF7X+J67, Dhaka 1361, Bangladesh",4.4,01730-002302,23.7140452,90.498046
67,ChIJzZ-BDvHGVTcRYgo1n4TKVbY,Kurmitola Fire Station,"RCG3+QWM, Dhaka 1206, Bangladesh",4.4,01730-002232,23.8269605,90.4048085
68,ChIJKSMH1dfBVTcR9xq3rgRE_CU,Fire Service And Civil Defence Station Mirpur,"R948+VVQ, Mirpur Rd, Dhaka 1216, Bangladesh",4.6,01628-138596,23.8072068,90.36724009999999
69,ChIJKQZJpvPBVTcR47jyENjJEv8,Pallabi Fire Service and Civil Defense,"R9R9+97Q Brindabon, Dhaka, Bangladesh",N/A,01730-002229,23.8409577,90.36823489999999
70,ChIJx1HGArPBVTcRNfS7b8ICkLg,Bangladesh Fire Service and Civil Defense Department,"38, 46 কাজি আলাউদ্দিন রোড, Dhaka 1100, Bangladesh",4.3,01726-080454,23.8427414,90.3650239
72,ChIJCf7dAJzGVTcRBsRkEMC0wig,Airport Fire Station,"V92X+VC9, Dhaka 1229, Bangladesh",4.4,02-8901077,23.8521744,90.3986048
74,ChIJg_a5hrrHVTcREqZbaMX2Wv8,"Fire Service & Civil Defence Station, Baridhara","plot 1 Madani Ave, Dhaka 1212, Bangladesh",4.5,02-8833000,23.7980196,90.42405649999999
97,ChIJG2R3_iLHVTcRp9Trpq8H_kA,NP Engineering Limited (Npe),"Nannu Plaza(3rd Floor)2495, Madani Avenue, Baridhara Dhaka-1212, Dhaka 1360, Bangladesh",5,01911-175831,23.79850919999999,90.434595
98,ChIJmRSAq_bDVTcRb0iJpzhE0a8,"Fire Service & Civil Defence Station, Uttara","V9GC+64C, Sonargaon Janapath, Dhaka 1230, Bangladesh",4.2,01901-020782,23.8755549,90.3702517
99,ChIJ_9WQXmLHVTcRr5KCIGptoiU,"Fire Service and Civil Defense, Tejgaon Fire Station","QC72+R62, Shaheed Tajuddin Ahmed Ave, Dhaka 1208, Bangladesh",4.4,01901-020758,23.7645059,90.40053089999999
100,ChIJszN86lS_VTcRoVmDGiBj_GE,Bangladesh Fire Service and Civil Defense,"Q95F+CFR, Mirpur Rd, Dhaka 1205, Bangladesh",4.4,01730-002227,23.7586236,90.3736438
101,ChIJiWEBnju5VTcRe-21RUVxDQs,GLOBALWIDE TECHNOLOGY & LOGISTICS,"59, Kazi Najrul Islam Avenue, 1st Floor, West Tejkunipara Farmgate, ঢাকা 1215, Bangladesh",N/A,01919-883441,23.7551209,90.3910542
102,ChIJjz-soUXEVTcRHNFE5fGr6B4,Tongi Fire Service And Civil Defence Station,"VCQ2+HP5, Dhaka - Mymensingh Hwy, Tongi, Bangladesh",4.4,01730-002130,23.8903367,90.4019341
103,ChIJX5pkD8LJVTcRc8471UOBSxA,"Fire Service & Civil Defence station Purbachal, Rupganj, Narayanganj","RFQP+F6C Fire service and civil defence field, Purbacahal, Bangladesh",3.9,01901-020858,23.8386981,90.4855144
104,ChIJE7Qtmty4VTcR64xFrEmPoIs,"Fire Service and Civil Defense Station, Palashi","P9GQ+5PP, Dhakeshwari Rd, Dhaka 1000, Bangladesh",4.1,02-8628688,23.7254623,90.3893354
105,ChIJQUCGyES5VTcRKkgmroeSr7U,সচিবালয় অস্থায়ী ফায়ার স্টেশন,"PCH5+5M2, Dhaka 1205, Bangladesh",N/A,02-9515555,23.72788779999999,90.40915539999999
106,ChIJq-lv2C2_VTcRskJJPmJ1wpI,"Fire Service & Civil Defence Station, Hazaribagh","P9GC+237, রোড, Dhaka, Bangladesh",4.3,02-58616222,23.7250443,90.37016729999999
107,ChIJGz7BIty4VTcRGJFxctme7AM,Lalbagh Fire Station,"Opp to Dhakeshwari mandir, 22/1 Nur Fattah Lane, Dhaka 1000, Bangladesh",4.3,02-58617171,23.7216473,90.3903446
108,ChIJYeFivfu4VTcRFeRuPvIwcUk,Bangladesh Fire Service and Civil Defense Head Quarter,"38-46 Kazi Alauddin Road, Fulbaria Rd, ঢাকা 1000, Bangladesh",4.5,01730-336699,23.7227803,90.4060623
110,ChIJfb-Bs2G5VTcRFll_4v8t-uM,Dhaka Inland Container Depot (ICD) Fire Station,"PCGH+596, T.T. Para Circle, Dhaka, Bangladesh",5,01519-114649,23.7254058,90.4283763
111,ChIJSXkR7ga5VTcRsZsN7H-xfMA,Sadarghat Fire Service and Civil Defense Station,"PC45+QPW, Simson Rd, Dhaka 1100, Bangladesh",4.7,02-7119759,23.706986,90.40934159999999
113,ChIJA0CCaq-5VTcRFOhxdO6J_UU,Sutrapur Fire Station,"119, 133 R M Dash Rd, Dhaka, Bangladesh",4,02-7119759,23.7047632,90.4189785
114,ChIJ-xSM9vG-VTcRa2qKRQNi0Ls,Keraniganj Fire Station,"M8XW+28R, Upozila Parishad Road, Keraniganj, Bangladesh",4.2,01901-020810,23.6976024,90.3457803
115,ChIJZ6LAaPvrVTcRkwuRmCplo3Y,Leather Industry City Fire Station,"Fire service and civil defence station, Leather Industrial City, Leather Industry, Bangladesh",1,01901-020824,23.7794382,90.2412531
142,ChIJiURCt2y4VTcRr9IzA03tzpo,Khilgaon Fire Station & Civil Defense Station,"PCWJ+99V, Shantipur Rd 02, Dhaka 1219, Bangladesh",4.4,02-7218329,23.7459772,90.4309224
154,ChIJD6KStuq5VTcRLaN_GdGj8lE,Abdus Samad Azad HD,"MCQV+873, Dhaka 1204, Bangladesh",N/A,01711-465795,23.6882723,90.4431618
156,ChIJM6oaKDbpVTcRQVozFQ4x9nE,"Modern Fire Service And Civil Defence Station, Savar Senanibas, Zirabo, Dhaka","Dhaka - Ashulia Hwy, Dendabor, Bangladesh",4.2,01993-556032,23.92223329999999,90.2628749
157,ChIJ902Jj7DLVTcRL7tWeGdsoTs,Kanchan River Fire Station,"RHC2+CG7, Rupganj, Bangladesh",3.8,01730-002317,23.8210336,90.55128789999999
158,ChIJ8VVzRn_bVTcR4K7TiM7l4jg,Modern Fire Service & Civil Defense,"X9GG+VRW, Gazipur, Bangladesh",3.7,01901-020874,23.9772435,90.37706329999999
159,ChIJdW9zxnfoVTcR0clVfFPRidU,DEPZ Fire Station,"X72F+V6X DEPZ, Nabinagar - Chandra Rd, Ashulia, Bangladesh",4.2,01730-002301,23.9522398,90.2731048
160,ChIJ028uC7q3VTcRRQWQcJvQSOs,Shimrail Fire Station,"PG28+VFH, Kanchpur Bridge, Narayanganj, Bangladesh",5,01901-020848,23.70232829999999,90.5154183
161,ChIJE0xKwtTdVTcRVRqFaHqmAGA,Mini Fire Station,"X8J5+F5R DBL, Mini Fire Service, 1700, Bangladesh",4.4,01755-630094,23.9812367,90.3078846
162,ChIJ1-E26FjaVTcRBy8d_CNfEO8,Gazipur Fire Station,"2C3G+456, Uttar Chhayabithy Road, Gazipur 1700, Bangladesh",4,02-49273252,24.0027764,90.4254062
163,ChIJed61-0u3VTcRafPI8rWlN-0,"Fire Service & Civil Defence Station, Adamjee EPZ, Narayanganj","MGH8+XRJ, Narayanganj, Bangladesh",4.8,01758-045151,23.6799714,90.51702259999999
164,ChIJk6mZ9iznVTcRvA2sFtj8EYs,Sarabo Modern Fire Service and Civil Station,"X7RV+J6F, Zirani Kashimpur Road, Bangladesh",5,01901-020872,23.99156379999999,90.2930416
165,ChIJCXGb7ROxVTcRIup7nTH-QZ0,"Pagla Land and River Fire Service and Civil Defence Station, Narayanganj","JFX9+57F, Narayanganj, Bangladesh",4.3,02-47670005,23.6479397,90.4681782
166,ChIJu2AwVADdVTcRyyFXTUm7xaw,Konabari Fire Station,"2856+P2W, Bangladesh",5,01901-020878,24.0093644,90.3100845
167,ChIJq_J6CPqwVTcREdRzOyy35Qc,"BSCIC Fire Station, Fatullah","Shashongoan, JFGH+HFM, নারায়ণগঞ্জ, Bangladesh",4.5,01754-052575,23.6264634,90.47866479999999
168,ChIJH81Ys2-xVTcRVSiX2diPVVE,Hazigonj Fire Station,"JGM7+9J3, Kella Road, Narayanganj, Bangladesh",4.1,01730-002311,23.633385,90.514033
169,ChIJq3IIo6fzVTcRRMPFuoJgCsk,"Fire Service and Civil Defence Station, Singair","R46J+35W, Bangladesh",3.7,01722-075055,23.8102431,90.13044459999999
170,ChIJB1ry5p6xVTcRx-FpuxiE5hg,Bandar Fire Serveice,"JG85+6PW, Wilson Road, Kadamrasul 1410, Bangladesh",4.1,01730-002313,23.6156246,90.5093162
171,ChIJvwOLgqSxVTcRbRGUbCCaR7U,Mondal Para Fire Service Station,"JG52+RRH, Narayanganj, Bangladesh",4.6,01730-002310,23.609551,90.5021163
172,ChIJw__Tmg-xVTcRTDZJf2NCyVo,"Fire Service and Civil Defence Station, Narayanganj","JG52+RV6, Narayanganj, Bangladesh",4.5,01730-002310,23.60953709999999,90.5021481
173,ChIJY8PqLSW9VTcR85Nv_57qTZ8,Fire Service and Civil Defence Sirajdikhan,"H9M7+MJH, Bangladesh",5,01703-662110 ext. 102,23.584176,90.3641155
174,ChIJw7Z6aoK4_DkRQxCM8GXET3I,"Fire Service & Civil Defence Station, nawabganj","C38V+673, Bangladesh",5,01901-023281,25.4155063,89.0931695
175,ChIJyVNIfX1G4zkRveaiIM5Iu5k,Fire Service Office,"রংপুর সড়ক, Kishoreganj 5320, Bangladesh",4.5,01901-023319,25.8960092,89.0254934
176,ChIJfwqBKp1P4zkRl8YkU7HspMM,Taraganj Fire Service & Civil Defense,"R263+9F5, Saidpur Rd, Kursha, Bangladesh",4.6,01878-102090,25.810895,89.003739
177,ChIJA1zCd3cw4zkRcEBYKL_s2QY,Gangachara Fire Service & Civil Defence Station,"R6W9+RFQ, Rangpur - Barabil Rd, Gangachara, Bangladesh",4.3,01315-157135,25.8470783,89.21874450000001
178,ChIJya15KTdL4zkRzOE9WtGXy20,Badarganj Fire Service and Civil Defence Station,"M29R+FHV, Road, Badarganj, Bangladesh",4.9,01901-023235,25.6687267,89.04141779999999
179,ChIJDwUUbes84zkRWzFKHocx0jk,Kaliganj Fire Station,"X6CF+5JJ, Gegra to Tushbhander Rd, Dalagram, Bangladesh",4.6,01901-023365,25.97046,89.22402459999999
180,ChIJe9RhRBJR4zkRjD135t5JD40,Saidpur Fire Service and Civil Defense,"QVJR+8QM, Saidpur, Bangladesh",4.1,01901-023311,25.7808266,88.89193709999999
181,ChIJ0bCDFRtD4zkRtYEsnHXL6Y4,Fire Service and Civil Defense Jaldhaka,"2277+H7J, Dimla - Jaldhaka Rd, Jaldhaka 5330, Bangladesh",5,01901-023317,26.0139648,89.0131335
182,ChIJr2wdUeQt4zkRqyVsi8f24NI,"Fire Service & Civil Defence, Rangpur","P7W5+WJM, Fire Station Rd, Rangpur 5400, Bangladesh",4.4,01732-707172,25.7473355,89.25905449999999
184,ChIJtc3_bDRb4zkRsF4WbC50lcc,Uttara Epz Fire Station,"VV58+85J, Bangladesh",5,01901-023309,25.8583349,88.8653983
186,ChIJoZP8hiov4zkRwHXNwTbnte0,"Haragach Fire Service And Civil Defense Station, Haragach Kaunia Rangpur","25°48'13.6""N 89°19'13 E, R83C+H76, 8 Palash - Ghorashal Road, Haragach 1611, Bangladesh",4.5,01901-023241,25.8038146,89.3203815
187,ChIJEfh3x0pZ4zkRLDl01x0Z7K8,Fire Service and Civil Defense Nilphamari,"WRRW+GMQ, শাকামাছা সড়ক, Nilphamari 5300, Bangladesh",5,01730-009105,25.9413375,88.84674439999999
188,ChIJtXH5uDat_DkRNvIq_IB4inY,Fire Service and Civil Defense Parbatipur,"MW29+P73, Parbatipur, Bangladesh",4.5,01901-023259,25.6517625,88.91816449999999
189,ChIJu_C8AWon4zkRLJrDZ2IDcOo,Aditmari Fire Service and Civil Defense,"Aditmari Upazila Helth Complex, Lalmonirhat - Phulbari Rd, Bhadai, Bangladesh",4.8,01901-023369,25.9259927,89.34291139999999
190,ChIJWwMzxm3W4jkRgB8qajO5V04,Kaunia Fire Service Station,"QC9C+W55, Rangpur - Kurigram Hwy, Kaunia, Bangladesh",4.3,01901-023239,25.7697666,89.42049449999999
191,ChIJ22gjZo0T4zkRhYNPzaeWXEo,"Fire Service & Civil Defence, Hatibandha","548G+5F5, Lalmonirhat - Phulbari Rd, Goddimari, Bangladesh",5,01901-023367,26.1653849,89.1262388
192,ChIJ_TQPt6yq5DkRhfUis7Hcx_U,Chirirbandar Fire Station,"MQ5J+9R2, Bangladesh",4.2,01901-023265,25.6583842,88.782029
212,ChIJRdPv2lKn5DkR5TFhhpoiniA,খানসামা উপজেলায় ফায়ার সার্ভিস ও সিভিল ডিফেন্স,"WPMG+V7J, Khansama-Joygonj Bazar Rd, Bangladesh",2.7,01796-080039,25.934713,88.7256403
213,ChIJ60g_rg_Z4jkRV3u06HiU_2M,Fire Service and Civil Defense Lalmonirhat,"WC5X+643, Telipara Rd, Lalmonirhat Sadar 5500, Bangladesh",4.3,01901-023359,25.9080103,89.4478093
214,ChIJi8nwE5zR_DkRf-Gs1BV3FJs,Mithapukur Fire Station,"25°32'59. 89°16'51.0""E, UNO Office Building 1, Dhaka - Dinajpur Hwy, দূর্গাপুর, Bangladesh",4.4,01901-023243,25.5483408,89.2811529
215,ChIJn2BuEwth4zkRYv8f1R_tjcs,Bangladesh Fire Service and Civil Defense,"4R4H+7WW, Domar-Jaldhaka Rd, Domar, Bangladesh",4.2,01901-023313,26.1057321,88.8298382
216,ChIJwZ7JF3Vl4zkRon7y-GYBaJE,Fire Service and Civil Defense Dimla,"5W69+5Q8, Dimla- Dangar Hat Rd, Dimla 5350, Bangladesh",N/A,01789-886030,26.1604054,88.91943979999999
217,ChIJLe94mCkr_TkRbV9w4R9Azao,Pirgachha Fire Service and Civil Defence,"MC49+RF3, Pirgachha, Bangladesh",4.5,01901-023245,25.6570005,89.4186636
218,ChIJqwj7yiew_DkRJt7I1jVLs90,Phulbari Fire Service and Civil Defense Station,"GW3V+FG6, Road, Bangladesh",4.5,01901-023261,25.5036542,88.94375509999999
219,ChIJaw0TN16l5DkRNvob_h_PqeM,"Fire Service & Civil Defience Station, Birganj","RMX2+RRC, Birganj - Kaharol Rd, Bangladesh",4.5,01901-023279,25.8495591,88.65200809999999
220,ChIJgQo6-GGf5DkRF80C7l3iNOM,দেবীগঞ্জ ফায়ার সার্ভিস,"Panchagarh District, Debiganj, Bangladesh",4.3,01714-737272,26.1127931,88.7572541
221,ChIJZQZe3UrR4jkRHcyXIFFJANY,"Fire Service, Rajarhat","QGJV+63C, Unnamed Road, Rajarhat, Bangladesh",5,01901-023349,25.7805736,89.54265389999999
222,ChIJB0zrY6Ox5DkRXpKW1ky0wLU,Kaharole Fire Station,"QJJ3+59X, Kharole Dinajpur Road, Bangladesh",4.3,01901-023275,25.780489,88.6034908
223,ChIJu2Pudp_F4jkRMnKqDjz29eM,Fire Station,"WHP8+9MF, Road, Borovita, Bangladesh",5,01723-976767,25.9359347,89.5666801
224,ChIJVVXFaMGL_DkRzXgBGL5G8xM,"Fire Brigade and Civil Defence Office, Akkelpur","Fire Brigade and Civil Defence Office, Z5478, Bangladesh",3.9,01901-022301,24.9681695,89.03297909999999
225,ChIJzxKrm9Zt_DkRLilATEhIy2c,Atrai Fire Service,"JX8C+49C, Natore - Naogaon Hwy, Atrai, Bangladesh",4.6,01719-735399,24.6153029,88.9709048
226,ChIJvdhnwDll_DkRRlmAgCso2To,Raninagar Fire Service and Civil Defense Station,"PXR6+QGR, Raninagar, Bangladesh",4.4,01311-499084,24.7419966,88.96127
227,ChIJRxHQSo5z_DkRhnHBYEluSHM,Bagmara Fire service station,"HVJF+X5X, Bangladesh",5,01755-370570,24.5824759,88.87297699999999
228,ChIJqyo4iKdk_DkRGB3iWFDqA54,Naogaon Fire Service & Civil Defence Station,"RX42+7PP, R545, Naogaon, Bangladesh",4.8,0741-62000,24.8057132,88.951821
229,ChIJtSfUXfNh_DkRLbAawLCE2YA,"Fire Service & Civil Defence, Adamdighi","R3G4+Q5F, Shibpur, Bangladesh",3.7,01901-022387,24.8269324,89.0554366
230,ChIJWWlQnd4T_DkRnQibdI0uhZU,Naldanga Upozila Fire Service Station,"FXW2+295, Naogaon Highway, Naldanga, Bangladesh",4.7,01901-022297,24.4950207,88.95099139999999
231,ChIJdUZvnI5F_DkR7bDo3ZEebDE,Nandigram Fire Station,"J6WR+X45, Bangladesh",5,01304-171736,24.6473767,89.2403724
232,ChIJf5PM-ZJf_DkRI3X7IAM7fC4,"Fire Service & Civil Defense Station, Dupchanchia, Bogura","R545, 5880, Bangladesh",4,01747-165062,24.8644769,89.1580881
233,ChIJ66aCp28R_DkRVw4XzgZ0gUc,"Fire Service and Civil Defense Station, Natore","CX6R+QHX, Dhaka - Rajshahi Hwy, Nator, Bangladesh",4.2,01901-022283,24.4119907,88.99148029999999
234,ChIJc378R_CF-zkRpEB8zZ3J338,Manda fire station,"QPG3+92X, Bangladesh",5,01901-022265,24.7759751,88.7025982
235,ChIJMcWqN22F-zkRgmKoT-8T2-w,Manda Fire Service and Civil Defense Station,"QMFX+H8M, Proshadpur 6511, Bangladesh",5,01901-022268,24.77396169999999,88.6982959
236,ChIJhX-YnQ1X_DkRz7ZMBBZtcYA,"Fire Service And Civil Defence Station, Kahaloo, Bogura","R7V9+J7C, Bangladesh",4.8,01751-522260,24.8440564,89.2681272
237,ChIJKYwetvj1-zkRk_IOCulhddM,Durgapur Fire Service,"CQQ8+R3M, Bangladesh",4.9,01733-216532,24.43958580000001,88.7651589
238,ChIJIafqRjEJ_DkRpa81liPFVk8,Puthia Fire Service Station,"9R9X+RVV, Dhaka - Rajshahi Hwy, Bangladesh",4.1,01730-002512,24.3696243,88.8496673
239,ChIJS1GMoj1T_DkRuFAbD3xslyc,"Fire Service & Civil Defence Station, Shajahanpur, Bogura","Q89X+C7X, Bogura - Natore Hwy, Kharna, Bangladesh",4.5,01901-022413,24.7686165,89.3482275
240,ChIJ60rWS36N-zkRp541IgXs7VE,Mohanpur Fire Service And Civil Defence Station,"HMC2+9Q5, Bangladesh",4.8,01311-989783,24.5708952,88.6519825
242,ChIJI8YPpWF_-zkRgAMGFQe1iU8,Mohadevpur Fire Station,"WPHX+3P3, Main Road, Mohadevpur, Bangladesh",5,01798-341413,24.92764050000001,88.7493068
243,ChIJQ16hlGkZ_DkRCrxNO1HaWoA,BONPARA KALIKAPUR FIRE STATION,"836H+39W, Rajshahi - Pabna Hwy, Bangladesh",5,01700-663677,24.3102332,89.07844089999999
264,ChIJU0GrM4M6_DkREXpMqXklGeI,"Fire Service & Civil Defence Station, Gurudaspur","969V+7C5, Gurudaspur, Bangladesh",5,01767-159999,24.3681254,89.2435963
265,ChIJ4cOEXMay_TkRQCOrVqivDzM,Bangladesh Fire Service and Civil Defense,"MCP5+5XF, Dhaka - Rangpur Hwy, Sherpur, Bangladesh",4.7,01730-002332,24.68543720000001,89.4099342
266,ChIJixntypRU_DkR9Y0WWRtnxac,"Fire Service & Civil Defense Station, Bogura.","R9JG+HF2, Sherpur Rd, Bogra 5800, Bangladesh",4.5,01730-002497,24.8313904,89.3761414
267,ChIJK4ppzJRU_DkRnQKKOX94foc,Fire Station No Parking Area,"R9JG+GFW, Bogra, Bangladesh",N/A,051-63333,24.8313555,89.37618959999999
268,ChIJiVdwRsbz_DkRksVyZyytCvE,Fire Service and Civil Defense Station Kshetlal,"24GH+397, Khetlal, Bangladesh",5,01788-714747,25.0251595,89.1284195
270,ChIJrczxWOyT-zkR6hPq89Ins_g,Tanore Fire Station,"HHR9+PQR, Bangladesh",4.9,01730-002511,24.5918728,88.56940019999999
271,ChIJExYEhj41_DkRqevvqVf1bSo,Fire station tarash,"C9MH+GJV, Tarash - Bhuiyagati Rd, Tarash, Bangladesh",4.7,01901-022373,24.4338511,89.37906129999999
272,ChIJg-dtbMDt-zkRJi7RerKDsNA,"Fire Service And Civil Defence Station, Nowhata, Rajshahi","CJW7+66P, Bangladesh",4.7,01745-230908,24.4455922,88.6130682
274,ChIJsx9SvUSc-zkR-Eo6X8jBW1o,Fire Service and Civil Defense Station,"College Road, RHMM+5PX, Manda - Niamatpur Rd, Niamatpur, Bangladesh",4.8,01901-022267,24.832993,88.58436359999999
275,ChIJT1iQ-SsH_DkRCbe_JJcfXOw,"Fire Service And Civil Defense Station, Bagha, Rajshahi","7V44+XHJ, Puthia - Bagha Rd, Bangladesh",4.8,01308-443334,24.2574744,88.85638019999999
276,ChIJtfslKZ7z_DkR9zZWkh7j7U8,Fire Service And Civil Defence Station Kalai,"3585+W7F, Bangladesh",4.9,01312-553040,25.0673135,89.1581726
277,ChIJIxbRtXr5-zkROeZdguiTDS8,"Fire Service & Civil Defence, Sardah","8P4P+X32, Bangladesh",5,01733-201881,24.3073958,88.7351263
278,ChIJubb5r0nw-zkRbqdeORiA6vw,Chowddopai Fire Service and Civil Defence Station,"9M94+227, Rajshahi, Bangladesh",4.3,0721-750270,24.3675268,88.6550408
279,ChIJdSVttwd9-zkRHMOAqchpU6M,"Fire Service and Civil Defence Station, Patnitala, Naogaon","2QV4+FWV, R547, Nazipur, Bangladesh",4.5,01718-329337,25.0437467,88.7572916
280,ChIJ19U15BqS_DkRLEEc3ukFoms,Joypurhat Fire Station,"423G+Q6X, Jaipurhat Sugar Mill Road, Joypurhat 5900, Bangladesh",4.7,01730-002539,25.1044825,89.0256249
282,ChIJixPGd0-a_zkR-gtSPsCU6aw,Fire Service and Civil Defense Station,"VGC9+XMR, Satkhira Rd, Khulna, Bangladesh",4.2,01730-719750,22.8724982,89.5191339
283,ChIJte3XZt6P_zkRqpVO_HhK0JI,"Fire Service & Civil Defense Station, Tootpara","247 Khan Jahan Ali Rd, Khulna, Bangladesh",4.3,01730-009148,22.805045,89.5702551
284,ChIJHbznlivp_zkRCUpT8zTRsqw,Mollahat Fire service,"মোল্লাহাট, WRF4+CG7 er, Dhaka - Khulna Hwy, Pase, Bangladesh",5,01722-010155,22.9235345,89.8062956
285,ChIJC8KvJbDC_zkRZK-ORRwjA38,Gopalganj Fire Station,"2R7V+C54, Bedgram Fire Service Rd, Gopalganj, Bangladesh",4.1,01713-145084,23.0135124,89.8429644
286,ChIJKytlOTCR_zkRMeD3Fghm3yU,Rupsa Fire Service Office,"RHMH+HJ8, Bangladesh",5,01720-334464,22.8339156,89.57908259999999
287,ChIJLTVlK36a_zkRfC3SOlnkaw0,"Fire Service & Civil Defense Station, Khalishpur","VG5W+4WX, Khulna, Bangladesh",4.4,01730-719751,22.857857,89.5473497
289,ChIJ_dNKOy3k_zkR4NJDvtZa7PY,Tungipara Fire Station,"VVWQ+GF5, Z7704, Tungipara, Bangladesh",4.4,01754-607172,22.8962532,89.8887341
291,ChIJeX5afTiZ_zkR3tHlZqamzE4,"Fire Service & Civil Defence Station, Khanjahan Ali, Khulna","WFHP+R9M, Khulna City Bypass, Khulna, Bangladesh",3.4,01767-897013,22.9295961,89.4859163
292,ChIJK2toEQK6_zkRMY2852QRkMc,Fire Service and Civil Defense Station Lohagara,"5JMF+PPQ, Bangladesh",4.8,0481-62222,23.1843357,89.62436
293,ChIJh1ZpnKGa_zkRJbQVEIyFWzc,"Fire Service & Civil Defense Divisional Headquarters, Khulna","RGJW+F82, Khulna - Jessore - Dhaka Hwy, Khulna, Bangladesh",4.6,01733-062209,22.8311416,89.54575179999999
294,ChIJU3VEj2zz_zkRAGVImPkDmpk,"Fire Service and Civil Defence Station fakirhat, Bagerhat","QP97+9Q2, Fakirhat, Bangladesh",3,01780-491273,22.7680956,89.7136269
295,ChIJ3eroIJel_zkRSZgC9AMNXz0,Fire Service Narail,"5GC2+Q49, Jessore - Narail Road, Boakhali, Narail 7500, Bangladesh",5,01778-777355,23.1719122,89.5003573
296,ChIJB3R7UYz7_zkRbtEPXYCvvUM,"Fire Service & Civil Defence Station, Chitalmari","QVC7+XMX শ্যামপাড়া, Bangladesh",4.2,01706-114985,22.7724774,89.8642222
297,ChIJPYD1vw7g_zkRkkIgD5vZiIc,Fire Service & Civil Defence Station,"XXVP+GVM, Gaurnadi-Kotalipara-Gopalganj Hwy, Kotalipara, Bangladesh",5,01787-469161,22.9938266,89.9871701
298,ChIJq6wWPQ2g_zkRiz_bj-BBhCM,Bangladesh Fire Service and Civil Defense,"2CF4+2G6, Jessore-Khulna-Dhaka Hwy, Noapara, Bangladesh",4.5,01901-022828,23.0225284,89.4062575
299,ChIJl0hDJaCF_zkRnMyOC90An74,"Fire Service & Civil Defence Station, Batiaghata, Khulna","PGR7+3GC, Batiaghata, Bangladesh",N/A,01937-433535,22.7401984,89.5137732
300,ChIJC2OqWWT2_zkRX_Dffvh6s_Q,"Fire Service and Civil Defense Station, Bagerhat","MQ5P+PW9, Old Rupsa Bagerhat Rd, Bagerhat 9300, Bangladesh",4.6,01706-110535,22.6592772,89.7873504
301,ChIJi3jw2mvS_zkRHjERBzFexT0,Muksudpur Fire Service and Civil Defence,"8V88+FFG, Muksudpur, Bangladesh",3.6,01779-442155,23.3161979,89.86619689999999
322,ChIJSZTVL2p9VTcRQykCxV1jFQk,Fire Service & Civil Defence Station,"62F5+P9G, Unnamed Road, Bangladesh",4.9,01751-054040,23.2243224,90.00844459999999
323,ChIJjyiPdt_5_zkRZ3308BgTfJg,"Fire Service & Civil Defense Station, Kachua, Bagerhat","MV4R+727, Kachua, Bangladesh",5,01706-120982,22.655666,89.8900316
324,ChIJv2p2Cnr-_zkRtWwmB4-f6_8,Nazirpur Fire Station,"PX5C+6R2, Road, Nazirpur Sadar Union, Bangladesh",4,01730-009055,22.7080119,89.9720085
325,ChIJUxbxQcV9VTcRUrbViKI9aIY,Tekerhat Port Land Kam River Fire Station,"62MF+47G, Tekerhat, Bangladesh",5,01797-787907,23.2328216,90.0231934
326,ChIJU92QbfO1_zkRd316gnaL3Nc,"ফায়ার সার্ভিস ও সিভিল ডিফেন্স ষ্টোশন, বোয়ালমারী","9MJP+5WG, Z7001, Bangladesh",4.5,01733-527903,23.38044129999999,89.6873396
327,ChIJL5ZjK1sG_zkR_vEXU922PHY,Bagherpara Fire Station,"68GX+HCM, Bagharpara - Narikelbaria Road, Bagherpara, Bangladesh",4.5,01705-209686,23.2264713,89.3485584
328,ChIJ70evMKIpADoRLTsUJcJBc7A,ফায়ার সার্ভিস এন্ড সিভিল ডিফেন্স স্টেশন,"JF5W+64V, Dacope, Bangladesh",5,01306-672065,22.6081123,89.495284
329,ChIJhzMYb3AhADoRwu98WsPunVI,Fire Service & Civil Defence,"HM53+JGG, To Khulna Link Road, Rampal, Bangladesh",5,01901-022786,22.5590617,89.6538264
330,ChIJTWLaFbwS_zkRsGkPTgcOuIQ,Manirampur Fire Station,"269M+C8R, Jessore - Satkhira Rd, Manirampur, Bangladesh",4.8,01730-009176,23.0186228,89.2332538
331,ChIJxym4X3JN_jkRg4ioojRHFYU,The Life Saving Force,"CH4G+6RX, Dhoail, Bangladesh",2,01791-912286,23.4056151,89.5771011
332,ChIJj_Omxw1RVTcRkRe1eRBFk6I,Swarupkathi Fire Service Station,"P3QW+GWP, Swarupkathi, Bangladesh",5,01771-044410,22.7388301,90.0973186
334,ChIJA27MISTbUDcRGLQvjoHDQ0U,Fire Service,"3CC5+FW6 Kazir Point, Z2811, Sunamganj 3000, Bangladesh",4.7,01730-009142,25.0711551,91.40977149999999
335,ChIJ0QsM4ZB0UTcRtLMDMhhYs4Q,Fire Service and Civil Defence Station,"FQM8+29F, N207, Maulvi Bazar, Bangladesh",4.5,01901-023658,24.4825562,91.7659193
336,ChIJe1wGqsEYUTcRexj-OWQmVdY,Jagannathpur Fire Station,"QGJV+65C, Auskandi - Raniganj - Jagannathpur - Pagla Rd, Jagannathpur, Bangladesh",5,01721-168812,24.7805643,91.5429006
337,ChIJCRQcw_7YUDcRiGHC9K5J2c4,Dakkhin Sunamganj Fire Station,"WCR5+55G, Bangladesh",4.8,01901-023706,24.9404333,91.4079443
340,ChIJuQkIyuMFUTcRVqc_nCYY9Qo,Osmani Nagar Fire Station,"PQC2+6CF, Dhaka - Sylhet Hwy, ওসমানী নগর উপজেলা, Bangladesh",3.7,01726-439493,24.7205691,91.7510403
341,ChIJa-qmbcPkUDcRIhFO66oZ2-8,Chhatak Fire Station,"2MF6+95M, Z2802, Bangladesh",4.4,01730-009143,25.0234734,91.66043220000002
342,ChIJSTpPsdXVUDcRcHYgMj4oNEQ,"Fire Service and Civil Defence Station, Jamalganj","X6RP+593, Bangladesh",3.5,01901-023720,24.9903797,91.2359281
343,ChIJUV4bmwVIUTcRW0TQEqVyx3c,Baniachong Fire Service Baniachong Habigonj,"G945+WQ6, Baniachong, Bangladesh",3.2,01901-023680,24.5072848,91.3593776
344,ChIJA3ekl3LPUDcRE_kmj1FF4hg,Fire Service and Civil Defence Bishwambhar Pur,"37WX+VCV, Bishwamvarpur, Bangladesh",4,01311-700601,25.0972315,91.2985355
346,ChIJCRttrTJVUDcR_didQQqBXg4,Fire Service & Civil Defence,"VVV6+46F, VIP Rd, Sylhet 3100, Bangladesh",4.2,01730-336699,24.892812,91.8605608
347,ChIJX_-HLNOqUTcRaJKumsYRJrI,"Fire Service & Civil Defence Station, Sylhet","VVR7+6Q3, Sheikhghat - Kazirbazar Rd, Sylhet, Bangladesh",4.4,01730-336644,24.8905216,91.8644101
348,ChIJwWsFMkerUTcR5gmLzThSBWo,"Fire Service & Civil Defence Station, Gotatikor","VVFR+WVF, Sylhet, Bangladesh",5,01716-722118,24.8748209,91.89218679999999
349,ChIJEbeKLEerUTcRZW33dHVaGCI,Alampur Fire Station,"VVFR+VXF, Sylhet, Bangladesh",4.6,01730-336644,24.8746926,91.89242349999999
351,ChIJjWl8KT7ZVjcRDyM4bcmpsSY,Dharmapasha Fire Station,"W226+42G, Mymensingh - Sunamganj Rd, Dharmapasha, Bangladesh",4,01730-002381,24.9003249,91.01008569999999
352,ChIJ43DarOqlUTcRiMLJ5luGgVA,"Fire Service & Civil Defence Station (North of Tajmul Ali Square),Fenchuganj","MWHH+GQR, N208, Bangladesh",4.8,01766-770477,24.6788636,91.9293917
374,ChIJaTh6PfdEUTcRNiFn9vrP56E,"Fire Service And Civil Defense Station, Habiganj","9CC8+7G6, Fire Service Rd, Habiganj, Bangladesh",4.1,01730-082212,24.3706556,91.416254
375,ChIJwbgx7eJOVjcRLNAQxBD8eP4,"Fire Service and Civil Defence Station, Mymensingh","QC72+4GM, Mymensingh 2200, Bangladesh",4.4,01730-002353,24.7628374,90.40130099999999
376,ChIJI1UJrU5CVjcRsattVWvFjzQ,Trishal Fire Service,"H97X+VCQ, N3, Bangladesh",4.8,01730-879000,24.5647119,90.398595
378,ChIJSQQbEUD1VjcRnGOkGSnNEug,Nandail Fire Service And Civil Defence Station,"HJJP+5PX, Mymensingh - Bhairab Rd, Bangladesh",4.3,01758-731414,24.5804875,90.6368476
379,ChIJn7CnDSk_VjcR-5_9y6P1BEs,Fire Service & Civil Defence,"J767+HWH, Bangladesh",4,01730-002367,24.6114327,90.2648634
380,ChIJl-dmdBhhVjcRyMLXNghrGDM,Fire Service Station,"FG8V+6WQ, Gafargaon, Bangladesh",4,01730-002354,24.4655751,90.54487189999999
381,ChIJ1w9hmlU2VjcRvelfbqjHOD4,Muktagacha Fire Service and Civil Defence,"Q769+JM9, Mymensingh - Tangail Hwy, Bangladesh",4.3,01781-813140,24.7615469,90.269233
382,ChIJw6hm78NuVjcRnDD_cop9a1Q,Bhaluka Fire Service and Civil Defense,"C95X+WHX, Bhaluka 2240, Bangladesh",4.4,01730-002368,24.4098686,90.39899199999999
383,ChIJT3WodRhhVjcRsla93EZS6hE,Gafargaon Fire scervice Office,"9HJ9+WXF, Bangladesh",4,01730-002354,24.3823084,90.5699357
385,ChIJ3dcbUtLuVjcRHeDTpPKUwg8,Kendua Fire Station,"MR4G+4H9, Z3608, Bangladesh",3.7,01779-225777,24.6552885,90.8264798
387,ChIJt0kSAme0VzcR0HqBfh9hEfU,Phulpur Fire Service,"X955+V8P, Haluaghat - Phulpur Rd, Bangladesh",4.5,01798-593555,24.9597109,90.3583163
388,ChIJ7zzh9ySSVjcRkao9OhnBSeU,Kishoreganj Fire Service and Civil Defense,"CQPH+FGG, Ishakha Road, Kishorganj, Bangladesh",4.5,01730-002372,24.4361815,90.77881479999999
390,ChIJdTJcUCrhVjcRJG1LaxTdrxg,Fire Service Netrokona,"Muktijuddah Meher Ali Road, Netrakona 2400, Bangladesh",4.9,01789-744212,24.8820836,90.7360575
391,ChIJ_319o8QgVjcRwckPYtn8ZJI,Madhupur Fire Service,"J22G+RRQ, Joydevpur - Tangail - Jamalpur Hwy, 1996, Bangladesh",4.5,01729-931191,24.6020796,90.0271064
393,ChIJgbzTUr4PVjcRuOUlDrsPl2A,"Fire Service & Civil Defence Station, Sakhipur","854C+W34, Road, সখীপুর, Bangladesh",4.2,01790-798686,24.30726259999999,90.17020560000002
394,ChIJd-bgni7hVjcRZ3ksY7JzO68,Atpara Fire Service & Civil Defence,"RV76+6H7, Shetur Bazaar Bridge, Atpara, Bangladesh",4.5,01734-288698,24.8130459,90.8614104
417,ChIJk0Qo7Lt5VjcRN6v77LSrKqI,Fire & Safety,"5FXJ+V97, Mawna 1704, Bangladesh",N/A,01700-706857,24.1996574,90.48090979999999
420,ChIJ11PnVTg5qzARTF44zRVQwtY,"Fire Service and Civil Defence Station, Tazumuddin","CRGR+324, Bangladesh",3.7,01720-213233,22.4251422,90.8400819
422,ChIJKe5fcmQjqzARKgfdfjywOkA,"Fire Service and Civil Defence Station, Lalmohon","8PGH+669, R890, Lalmohan 8330, Bangladesh",4.2,04925-75555,22.3255384,90.72811279999999
424,ChIJuRLBJYS1VDcRwtOd2H8yMwM,Ramgati Fire Service station,"Ramgati Road, Laxmipur Zila, Ramgati Upazila, Ramgoti Thana, Lokkhipur - Char Alaxandar Rd, Chittagong 3700, Bangladesh",4.5,01749-452245,22.6730353,90.91079520000001
425,ChIJm2R_dYkXqzARecel_w5bLd4,Bangladesh Fire Service and Civil Defense,"6Q44+67G, R890, Char Fasson 1000, Bangladesh",4.1,01766-822024,22.2055625,90.7556875
427,ChIJs-2IZNatVDcRYWF0oF1DwNQ,সুবর্ণচর ফায়ার সার্ভিস,"J4W9+XFC, Z1424, Bangladesh",3.9,01308-736278,22.6474257,91.11862719999999
428,ChIJveyUM_XJVDcRKg8x0kHSQZ8,Hajirhat Fire Service,"Hazirpara, PVX8+JPX, Bangladesh",3.4,01307-807525,22.749106,90.8668526
430,ChIJT-ngcYxfqzARsxQoIUapMZM,Hatiya Fire Service Station,"74CR+375, Nolchira - Jahagmara Rd, Char Ishwar, Bangladesh",4.7,01887-510466,22.2701478,91.1407344
547,ChIJuRM-C1M1VDcR5396LqWj1Eo,Araihazar Fire Service & Civil Defence Station,"QJJW+W6W, Bangladesh",4,01732-939352,23.78237159999999,90.64558219999999
548,ChIJZ9tR5DOzVTcRMbjZiboCMtA,Sonargaon Fire Station,"JHXP+MCF, N1, Sonargaon, Bangladesh",4,01901-020846,23.649198900000002,90.5860536
549,ChIJMTPe30OzVTcR4SC7sgSuvNc,Fire service,"JHXP+MCP, Sonargaon, Bangladesh",4.1,01304-066155,23.6492167,90.5860763
